{
    "bleu": 0.2623574144486692,
    "bleu-1": 0.16863289382373353,
    "bleu-4": 0.23697148475909538,
    "bertscore-precision": 0.27386150966936995,
    "bertscore-recall": 0.2688708671241422,
    "bertscore-f1": 0.2638802245789145,
    "comet": 0.3092719352831363
}